,counts,percentage
Metabarcoding,527,4.137876884422111
(Meta)genomics,1573,12.350816582914574
Metagenomics,332,2.60678391959799
(Meta)transcriptomics,384,3.0150753768844223
Metatranscriptomics,47,0.3690326633165829
(Meta)proteomics,132,1.0364321608040201
Metaproteomics,21,0.16488693467336685
Metabolomics,119,0.934359296482412
Imaging,17,0.13347989949748743
