,counts,percentage
Metabarcoding,517,4.119850187265918
(Meta)genomics,1549,12.34361303689537
Metagenomics,331,2.6376603713443303
(Meta)transcriptomics,379,3.020160969001514
Metatranscriptomics,47,0.37453183520599254
(Meta)proteomics,128,1.0200015937524902
Metaproteomics,20,0.1593752490238266
Metabolomics,118,0.940313969240577
Imaging,17,0.1354689616702526
