,counts,percentage
Bacteria,1401,11.00031407035176
Virus,952,7.474874371859296
Archaea,88,0.6909547738693468
Eukaryote,103,0.8087311557788944
Microbiome,1000,7.851758793969849
Pathogen,1034,8.118718592964823
