,counts,percentage
Bacteria,1385,11.036735994899992
Virus,932,7.42688660451032
Archaea,87,0.6932823332536457
Eukaryote,103,0.8207825324727069
Microbiome,983,7.833293489521077
Pathogen,1013,8.072356363056818
