,counts,percentage
Isolate,562,4.4126884422110555
Community (taxonomy) profiling,1060,8.32286432160804
Functional analysis,794,6.23429648241206
Interactome,395,3.1014447236180906
AMR,534,4.192839195979899
MAGs,160,1.256281407035176
Gene identification / Biomarker,79,0.6202889447236181
SNP,76,0.5967336683417085
(M)LST,43,0.3376256281407035
Annotation,158,1.2405778894472361
Variant,245,1.923680904522613
Comparative analysis,173,1.358354271356784
