,counts,percentage
Isolate,555,4.422663160411188
Community (taxonomy) profiling,1047,8.343294286397322
Functional analysis,779,6.207665949478046
Interactome,389,3.0998485935134275
AMR,524,4.175631524424257
MAGs,160,1.2750019921906128
Gene identification / Biomarker,78,0.6215634711929238
SNP,73,0.5817196589369671
(M)LST,42,0.33468802295003586
Annotation,157,1.2510957048370388
Variant,245,1.9523468005418758
Comparative analysis,169,1.3467208542513347
